<?xml version="1.0" encoding="utf-8"?>
<diff xmlns:xsi="http://www.w3.org/2001/XMLSchema-instance"
  xsi:noNamespaceSchemaLocation="diff.xsd">
  <add sel="//plans">
    <plan id="vault_bankingclan" name="{20777,1002} {20777,1004}">
      <patches>
        <patch extension="SW Interworlds" version="83" name="SW Interworlds" />
      </patches>
      <entry index="1" macro="defence_imp_claim_ring_macro">
        <offset>
          <position x="81.44" y="165.364" z="78.741" />
          <rotation yaw="179.69518" />
        </offset>
      </entry>
      <entry index="2" macro="struct_imp_cross_01_macro" connection="connectionsnap003">
        <predecessor index="1" connection="connectionsnap004" />
        <offset>
          <position x="2009.037" y="132.456" z="1197.388" />
          <rotation yaw="-30.30116" pitch="-0.602155" />
        </offset>
      </entry>
      <entry index="3" macro="pier_imp_harbor_02_macro" connection="connectionsnap004">
        <predecessor index="2" connection="connectionsnap004" />
        <offset>
          <position x="2527" y="132.456" z="1500.075" />
          <rotation yaw="149.69884" pitch="0.602155" />
        </offset>
      </entry>
      <entry index="4" macro="storage_hap_s_solid_01_macro" connection="connectionsnap002">
        <predecessor index="3" connection="connectionsnap006" />
        <offset>
          <position x="2525.939" y="332.445" z="1501.889" />
          <rotation yaw="-28.5833" pitch="-0.601878" roll="179.98195" />
        </offset>
      </entry>
      <entry index="5" macro="struct_imp_cross_01_macro" connection="connectionsnap003">
        <predecessor index="1" connection="connectionsnap001" />
        <offset>
          <position x="93.321" y="132.457" z="-2154.438" />
          <rotation yaw="89.69519" pitch="2.13284" />
        </offset>
      </entry>
      <entry index="6" macro="pier_imp_harbor_02_macro" connection="connectionsnap004">
        <predecessor index="5" connection="connectionsnap004" />
        <offset>
          <position x="96.512" y="132.457" z="-2754.351" />
          <rotation yaw="-90.30479" pitch="-2.13284" />
        </offset>
      </entry>
      <entry index="7" macro="storage_hap_s_solid_01_macro" connection="connectionsnap002">
        <predecessor index="6" connection="connectionsnap006" />
        <offset>
          <position x="89.069" y="332.319" z="-2754.39" />
          <rotation yaw="91.41416" pitch="2.13189" roll="-179.93604" />
        </offset>
      </entry>
      <entry index="8" macro="struct_imp_cross_01_macro" connection="connectionsnap003">
        <predecessor index="1" connection="connectionsnap002" />
        <offset>
          <position x="-1857.949" y="132.455" z="1176.816" />
          <rotation yaw="-150.30843" pitch="-2.2107" />
        </offset>
      </entry>
      <entry index="9" macro="pier_imp_harbor_02_macro" connection="connectionsnap004">
        <predecessor index="8" connection="connectionsnap004" />
        <offset>
          <position x="-2379.069" y="132.455" z="1473.956" />
          <rotation yaw="29.69156" pitch="2.2107" />
        </offset>
      </entry>
      <entry index="10" macro="storage_hap_s_solid_01_macro" connection="connectionsnap002">
        <predecessor index="9" connection="connectionsnap006" />
        <offset>
          <position x="-2382.89" y="332.306" z="1467.254" />
          <rotation yaw="-148.58937" pitch="-2.2097" roll="179.9337" />
        </offset>
      </entry>
      <entry index="11" macro="struct_imp_cross_01_macro" connection="connectionsnap002">
        <predecessor index="9" connection="connectionsnap001" />
        <offset>
          <position x="-2082.091" y="155.6" z="1994.79" />
          <rotation yaw="29.69155" pitch="2.2107" />
        </offset>
      </entry>
      <entry index="12" macro="struct_imp_cross_01_macro" connection="connectionsnap001">
        <predecessor index="9" connection="connectionsnap002" />
        <offset>
          <position x="-2676.046" y="109.311" z="953.121" />
          <rotation yaw="29.69156" pitch="2.2107" />
        </offset>
      </entry>
      <entry index="13" macro="struct_imp_cross_01_macro" connection="connectionsnap004">
        <predecessor index="6" connection="connectionsnap001" />
        <offset>
          <position x="-503.064" y="110.128" z="-2757.54" />
          <rotation yaw="-0.304808" roll="-2.13284" />
        </offset>
      </entry>
      <entry index="14" macro="struct_imp_cross_01_macro" connection="connectionsnap003">
        <predecessor index="6" connection="connectionsnap002" />
        <offset>
          <position x="696.088" y="154.787" z="-2751.161" />
          <rotation yaw="-0.304786" roll="-2.13284" />
        </offset>
      </entry>
      <entry index="15" macro="struct_imp_cross_01_macro" connection="connectionsnap001">
        <predecessor index="3" connection="connectionsnap001" />
        <offset>
          <position x="2829.71" y="138.761" z="982.072" />
          <rotation yaw="-30.30117" pitch="-0.602155" roll="-0.471378" />
        </offset>
      </entry>
      <entry index="16" macro="struct_imp_cross_01_macro" connection="connectionsnap004">
        <predecessor index="3" connection="connectionsnap002" />
        <offset>
          <position x="2224.289" y="126.15" z="2018.078" />
          <rotation yaw="59.71203" pitch="-1.25578" roll="-0.602299" />
        </offset>
      </entry>
      <entry index="17" macro="struct_imp_cross_01_macro" connection="connectionsnap006">
        <predecessor index="1" connection="connectionsnap005" />
        <offset>
          <position x="81.44" y="220.828" z="78.741" />
          <rotation yaw="179.69519" />
        </offset>
      </entry>
      <entry index="18" macro="struct_imp_vertical_01_macro" connection="connectionsnap001">
        <predecessor index="17" connection="connectionsnap005" />
        <offset>
          <position x="81.44" y="-179.172" z="78.74" />
          <rotation yaw="179.69519" />
        </offset>
      </entry>
      <entry index="19" macro="dockarea_arg_m_station_02_hightech_macro">
        <offset>
          <position x="681.432" y="-579.172" z="81.932" />
          <rotation yaw="179.69527" />
        </offset>
      </entry>
      <entry index="20" macro="dockarea_arg_m_station_02_hightech_macro">
        <offset>
          <position x="-518.551" y="-579.172" z="75.549" />
          <rotation yaw="-0.304713" />
        </offset>
      </entry>
      <entry index="21" macro="dockarea_arg_m_station_02_hightech_macro">
        <offset>
          <position x="78.249" y="-579.172" z="678.732" />
          <rotation yaw="89.69527" pitch="0.626569" />
        </offset>
      </entry>
      <entry index="22" macro="dockarea_arg_m_station_02_hightech_macro">
        <offset>
          <position x="84.632" y="-579.172" z="-521.251" />
          <rotation yaw="-90.30471" pitch="-0.413057" />
        </offset>
      </entry>
      <entry index="23" macro="storage_imp_liquid_tradestation_01_macro">
        <offset>
          <position x="81.44" y="2667.978" z="78.741" />
          <rotation yaw="148.28912" roll="180" />
        </offset>
      </entry>
      <entry index="24" macro="storage_hap_l_solid_01_macro" connection="connectionsnap001">
        <predecessor index="23" connection="connectionsnap02" />
        <offset>
          <position x="81.44" y="5283.758" z="78.743" />
          <rotation yaw="88.11388" roll="179.99997" />
        </offset>
      </entry>
      <entry index="25" macro="hab_imp_s_01_macro" connection="connectionsnap003">
        <predecessor index="22" connection="connectionsnap003" />
        <offset>
          <position x="684.608" y="-574.846" z="-518.06" />
          <rotation yaw="-0.304764" pitch="0.00438736" roll="-0.413057" />
        </offset>
      </entry>
      <entry index="26" macro="hab_imp_s_01_macro" connection="connectionsnap002">
        <predecessor index="20" connection="connectionsnap004" />
        <offset>
          <position x="-521.742" y="-579.172" z="675.54" />
          <rotation yaw="-0.304722" />
        </offset>
      </entry>
      <entry index="27" macro="hab_imp_s_01_macro" connection="connectionsnap001">
        <predecessor index="20" connection="connectionsnap003" />
        <offset>
          <position x="-515.36" y="-579.172" z="-524.443" />
          <rotation yaw="-0.304732" />
        </offset>
      </entry>
      <entry index="28" macro="hab_imp_s_01_macro" connection="connectionsnap002">
        <predecessor index="19" connection="connectionsnap003" />
        <offset>
          <position x="678.241" y="-579.173" z="681.923" />
          <rotation yaw="-0.304754" />
        </offset>
      </entry>
      <entry index="29" macro="struct_imp_cross_01_macro" connection="connectionsnap003">
        <predecessor index="20" connection="connectionsnap002" />
        <offset>
          <position x="81.441" y="-579.172" z="78.74" />
          <rotation yaw="-0.304768" />
        </offset>
      </entry>
      <entry index="30" macro="struct_imp_cross_01_macro" connection="connectionsnap005">
        <predecessor index="29" connection="connectionsnap005" />
        <offset>
          <position x="81.441" y="-979.172" z="78.74" />
          <rotation yaw="-179.99989" roll="-179.99998" />
        </offset>
      </entry>
      <entry index="31" macro="hab_imp_s_01_macro" connection="connectionsnap003">
        <predecessor index="30" connection="connectionsnap004" />
        <offset>
          <position x="881.441" y="-979.172" z="78.739" />
        </offset>
      </entry>
      <entry index="32" macro="hab_imp_s_01_macro" connection="connectionsnap001">
        <predecessor index="30" connection="connectionsnap001" />
        <offset>
          <position x="81.439" y="-979.172" z="-721.26" />
        </offset>
      </entry>
      <entry index="33" macro="hab_imp_s_01_macro" connection="connectionsnap004">
        <predecessor index="30" connection="connectionsnap003" />
        <offset>
          <position x="-718.559" y="-979.172" z="78.742" />
        </offset>
      </entry>
      <entry index="34" macro="hab_imp_s_01_macro" connection="connectionsnap002">
        <predecessor index="30" connection="connectionsnap002" />
        <offset>
          <position x="81.442" y="-979.172" z="878.74" />
        </offset>
      </entry>
      <entry index="35" macro="prod_imp_foodrations_macro" connection="connectionsnap001">
        <predecessor index="5" connection="connectionsnap006" />
        <offset>
          <position x="63.548" y="931.903" z="-2154.596" />
          <rotation yaw="-90.13258" pitch="-2.13282" roll="-0.00638843" />
        </offset>
      </entry>
      <entry index="36" macro="hab_imp_trade_macro" connection="connectionsnap001">
        <predecessor index="1" connection="connectionsnap006" />
        <offset>
          <position x="81.44" y="1858.198" z="78.741" />
          <rotation yaw="2.10107" />
        </offset>
      </entry>
      <entry index="37" macro="prod_imp_foodrations_macro" connection="connectionsnap001">
        <predecessor index="8" connection="connectionsnap006" />
        <offset>
          <position x="-1873.234" y="931.86" z="1150.008" />
          <rotation yaw="29.61783" pitch="2.21071" roll="-0.00285864" />
        </offset>
      </entry>
      <entry index="38" macro="prod_imp_foodrations_macro" connection="connectionsnap001">
        <predecessor index="2" connection="connectionsnap006" />
        <offset>
          <position x="2004.795" y="932.411" z="1204.647" />
          <rotation yaw="149.2697" pitch="0.602145" roll="-0.00451588" />
        </offset>
      </entry>
      <entry index="39" macro="struct_imp_base_02_macro">
        <offset>
          <position x="1724.615" y="1742.747" z="1056.186" />
          <rotation yaw="-120.4111" pitch="-0.241013" roll="-90.19546" />
        </offset>
      </entry>
      <entry index="40" macro="struct_imp_base_02_macro">
        <offset>
          <position x="30.294" y="1739.739" z="-1855.799" />
          <rotation yaw="-0.444155" pitch="0.289719" roll="-90.11115" />
        </offset>
      </entry>
      <entry index="41" macro="struct_imp_base_02_macro">
        <offset>
          <position x="-1612.874" y="1745.439" z="959.34" />
          <rotation yaw="-60.13023" pitch="0.0502727" roll="-90.30621" />
        </offset>
      </entry>
    </plan>
  </add>
</diff>