<?xml version="1.0" encoding="utf-8"?>
<diff xmlns:xsi="http://www.w3.org/2001/XMLSchema-instance"
  xsi:noNamespaceSchemaLocation="diff.xsd">

  <add sel="//faction[@id='galempire']/relations">
    <relation faction="bankingclan" relation="0.2" />
  </add>
  <add sel="//faction[@id='ascendancy']/relations">
    <relation faction="bankingclan" relation="0.2" />
  </add>
  <add sel="//faction[@id='newrepublic']/relations">
    <relation faction="bankingclan" relation="0.2" />
  </add>
  <add sel="//faction[@id='rebelalliance']/relations">
    <relation faction="bankingclan" relation="0.2" />
  </add>
  <add sel="//faction[@id='commerceguild']/relations">
    <relation faction="bankingclan" relation="0.2" />
  </add>
  <add sel="//faction[@id='corporate']/relations">
    <relation faction="bankingclan" relation="0.2" />
  </add>
  <add sel="//faction[@id='huttcartel']/relations">
    <relation faction="bankingclan" relation="0.2" />
  </add>
  <add sel="//faction[@id='anoat']/relations">
    <relation faction="bankingclan" relation="0.2" />
  </add>
  <add sel="//faction[@id='mandodw']/relations">
    <relation faction="bankingclan" relation="0.2" />
  </add>

  <replace
    sel="//faction[@id='bankingclan']/relations/relation[@faction='sith']">
    <relation faction="sith" relation="0.2" />
  </replace>
  <replace sel="//faction[@id='sith']/relations/relation[@faction='bankingclan']">
    <relation faction="bankingclan" relation="0.2" />
  </replace>
</diff>