<?xml version="1.0" encoding="utf-8"?>
<diff xmlns:xsb="http://www.w3.org/2001/XMLSchema-instance"
  xsb:noNamespaceSchemaLocation="diff.xsd">
  <remove sel="//job[@id='bankingclan_techsupport_trader_m']" />
  <remove sel="//job[@id='bankingclan_bio_trader_m']" />
  <remove sel="//job[@id='bankingclan_energycell_trader_l']" />
  <remove sel="//job[@id='bankingclan_energycell_trader_m']" />
  <remove sel="//job[@id='bankingclan_equipment_trader_m']" />
  <remove sel="//job[@id='bankingclan_refinedgas_trader_m']" />
  <remove sel="//job[@id='bankingclan_refinedmineral_trader_l']" />
  <remove sel="//job[@id='bankingclan_refinedmineral_trader_m']" />
  <remove sel="//job[@id='bankingclan_tech_trader_m']" />
  <remove sel="//job[@id='bankingclan_food_trader_m']" />
  <remove sel="//job[@id='bankingclan_free_miner_m_rhydonium']" />
  <remove sel="//job[@id='bankingclan_free_miner_m_liquid']" />
  <remove sel="//job[@id='bankingclan_free_miner_l_ice']" />
  <remove sel="//job[@id='bankingclan_free_miner_m_mineral']" />
  <remove sel="//job[@id='bankingclan_free_miner_m_ice']" />
  <remove sel="//job[@id='bankingclan_ship_construction_trader_m']" />


  <add sel="//jobs">
    <!-- <jobs xmlns:xsi="http:// www.w3.org/ 2001/ XMLSchema-instance"
  xsi:noNamespaceSchemaLocation=" libraries.xsd"> -->
    <job id="bankingclan_banker_m" name="'{20777,1002} {20777,1008}'">
      <modifiers rebuild="
  true" commandeerable="true" />
      <orders>
        <order order="SWBankTransport" default="true" />
      </orders>
      <category faction="bankingclan" tags="[factionlogic]" size="ship_m" />
      <quota galaxy="20" sector="1" />
      <location class="galaxy" macro="swi_galaxy_macro" />
      <environment buildatshipyard="true" />
      <ship>
        <select faction="galempire" tags="[military]" size="ship_m" />
        <loadout>
          <level exact="1" />
        </loadout>
        <owner exact="bankingclan" overridenpc="true" />
      </ship>
    </job>

    <job
      id="bankingclan_banker_l" name="'{20777,1002} {20777,1008}'">
      <modifiers rebuild="
  true" commandeerable="true" />
      <orders>
        <order order="SWBankTransport" default="true" />
      </orders>
      <category faction="bankingclan" tags="[factionlogic]" size="ship_l" />
      <quota galaxy="5" sector="1" />
      <location class="galaxy" macro="swi_galaxy_macro" />
      <environment buildatshipyard="true" />
      <ship>
        <select faction="galempire" tags="[military]" size="ship_l" />
        <loadout>
          <level exact="1" />
        </loadout>
        <owner exact="bankingclan" overridenpc="true" />
      </ship>
    </job>
    <!-- </jobs> -->
  </add>
</diff>