<?xml version="1.0" encoding="UTF-8"?>
<language>
	<page id="20777" voice="no">
		<t id="1001">InterGalactic</t>
		<t id="1002">Banking Clan</t>
		<t id="1003">Main</t>
		<t id="1004">Vault</t>
		<t id="1005">Bank</t>
		<t id="1006">Branch</t>
		<t id="1007">Office</t>
		<t id="1008">Transport</t>
		<t id="1009">Credit Lootbox</t>
		<t id="1010">You read the box's labels. Notice: May only be opened by Banking Clan employees. Danger: Unauthorized access could result in activating a trap. Reward offered: If found, please return to a Banking Clan employee as soon as possible. Purrhaps you can bypass its security lock with the right tool.</t>
		<t id="1011">Credit Transport</t>
		<t id="1012">The InterGalactic Banking Clan uses military ships to transport credits between their vaults.</t>
	</page>
</language>