<?xml version="1.0" encoding="utf-8"?>

<!-- remove banking clan from normal tradestation faction logic-->
<diff xmlns:xsi="http://www.w3.org/2001/XMLSchema-instance"
  xsi:noNamespaceSchemaLocation="diff.xsd">
  <add
    sel="/mdscript/cues/library[@name='Manage_Stations']/cues/cue[@name='Process']/cues/cue[@name='Analyse_Stations']/actions/do_elseif[@value='@$DesiredTradeStationPatchMarker']"
    pos="after">
    <do_elseif value="$Faction == faction.bankingclan">
      <set_value name="$DesiredTradeStation" exact="0" />
    </do_elseif>
  </add>

  <!--   <mdscript name="FactionLogic_Stations" xmlns:xsi="http://www.w3.org/2001/XMLSchema-instance"
  xsi:noNamespaceSchemaLocation="md.xsd">
  <cues>
    <cue name="Analyse_Stations">
      <conditions>
        <event_cue_signalled />
        <check_value value="$Faction.isactive" />
      </conditions>
      <actions>
        <debug_text
          text="$DebugText + 'Prepare to analyse known stations. Number of relevant sectors: ' +
$RelevantSectors.count"
          chance="$DebugChance" context="false" />
        <set_value name="$PreferredSectors" exact="[]" /> -->

  <add sel="//set_value[@name='$PreferredSectors']">
    <!-- BEGIN Banking Clan's Vault -->
    <do_if value="$Faction == faction.bankingclan">

      <set_value name="$DesiredTradeStation" exact="9" />
      <do_if value="$TradeStationCount lt $DesiredTradeStation">
        <debug_text
          text="$DebugText + 'Has ' + $TradeStationCount + ' trade stations but desires ' + $DesiredTradeStation"
          chance="$DebugChance" context="false" />
        <set_value name="$TradeStationsToBuild" exact="1" />

        <do_if value="$TradeStationsToBuild gt 0">
          <set_value name="$StationDefinitions" exact="[]" />
          <set_value name="$StationTypeTag"
            exact="[tag.tradestation]" />
          <find_station_by_true_owner
            macro="macro.station_bankingclan_mainvault_macro"
            name="$hq"
            functional="true" faction="$Faction" space="player.galaxy" />
          <do_if value="not $hq.count gt 0">
            <set_value name="$planTag" exact="tag.mainvault" />
            <set_value name="$race" exact="race.bankingclanhq" />
            <find_sector name="$sector"
              macro="macro.swi_clusterscipio_sector001_macro" />
            <append_to_list name="$PreferredSectors"
              exact="$sector" />
          </do_if>

          <do_else>
            <set_value name="$planTag"
              exact="tag.branchvault" />
            <set_value name="$race" exact="race.bankingclan" />
            <find_station_by_true_owner
              name="$stations"
              macro="macro.station_bankingclan_branchvault_macro"
              functional="true"
              faction="$Faction" space="player.galaxy" multiple="true" />
            <remove_value name="$hq" />
            <set_value
              name="$factionlist"
              exact="[faction.galempire, faction.ascendancy, faction.newrepublic, faction.commerceguild, faction.corporate, faction.huttcartel, faction.anoat, faction.mandodw]" />
            <do_all
              exact="$stations.count" counter="$i">
              <remove_from_list name="$factionlist" exact="stations.{$i}.sector.owner" />
            </do_all>
            <set_value
              name="$relevantFaction" exact="$factionlist.random" />

            <!-- set preferred sector -->
            <do_if
              value="$relevantFaction == faction.galempire">
              <find_sector name="$sector"
                macro="macro.swi_clusterbastion_sector001_macro" />
              <append_to_list
                name="$PreferredSectors"
                exact="$sector" />
            </do_if>
            <do_elseif
              value="$relevantFaction == faction.ascendancy">
              <find_sector name="$sector"
                macro="macro.swi_clustereriadu_sector001_macro" />
              <append_to_list
                name="$PreferredSectors"
                exact="$sector" />
            </do_elseif>
            <do_elseif
              value="$relevantFaction == faction.newrepublic">
              <find_sector name="$sector"
                macro="macro.swi_clustercoruscant_sector001_macro" />
              <append_to_list
                name="$PreferredSectors"
                exact="$sector" />
            </do_elseif>
            <do_elseif
              value="$relevantFaction == faction.commerceguild">
              <find_sector name="$sector"
                macro="macro.swi_clusterhypori_sector001_macro" />
              <append_to_list
                name="$PreferredSectors"
                exact="$sector" />
            </do_elseif>
            <do_elseif
              value="$relevantFaction == faction.corporate">
              <find_sector name="$sector"
                macro="macro.swi_clustercantonica_sector001_macro" />
              <append_to_list
                name="$PreferredSectors"
                exact="$sector" />
            </do_elseif>
            <do_elseif
              value="$relevantFaction == faction.huttcartel">
              <find_sector name="$sector"
                macro="macro.swi_clusternarshadda_sector001_macro" />
              <append_to_list
                name="$PreferredSectors"
                exact="$sector" />
            </do_elseif>
            <do_elseif
              value="$relevantFaction == faction.anoat">
              <find_sector name="$sector"
                macro="macro.swi_clusteranpath_sector001_macro" />
              <append_to_list
                name="$PreferredSectors"
                exact="$sector" />
            </do_elseif>
            <do_elseif
              value="$relevantFaction == faction.mandodw">
              <find_sector name="$sector"
                macro="macro.swi_clustermandalore_sector001_macro" />
              <append_to_list
                name="$PreferredSectors"
                exact="$sector" />
            </do_elseif>

            <!-- set relevant sectors -->
            <find_sector name="$RelevantSectors" multiple="true"
              owner="$relevantFaction"
              space="player.galaxy" />
          </do_else>
          <get_module_set_macro type="tradestation" result="$ModuleSetMacro" race="$race" />
          <remove_value name="$race" />
          <do_if value="$ModuleSetMacro">
            <get_construction_plan result="$ConstructionPlan"
              rawname="$ConstructionPlanName"
              faction="$Faction" tags="@$planTag" />
            <append_to_list name="$StationDefinitions"
              exact="[$ConstructionPlan, $ConstructionPlanName]" />
          </do_if>
          <remove_value name="$planTag" />

          <do_if value="$PastStationMaxScoreTableOverrides.$IsTradeStation?">
            <set_value name="$PastStationMaxScoreTable"
              exact="$PastStationMaxScoreTableOverrides.$IsTradeStation" />
          </do_if>
          <do_else>
            <!--Default
              table-->
            <set_value name="$PastStationMaxScoreTable"
              exact="table[
                               $WasTradeStation = 1.0f,
                               $WasEquipmentDock = 0.25f,
                               $WasShipyard = 0.25f,
                               $WasWharf = 0.25f]" />
          </do_else>

          <do_if value="$StationDefinitions.count">
            <debug_text
              text="$DebugText + 'Faction is capable of constructing a trade station. Will now search for a location'"
              chance="$DebugChance" context="false" />

            <run_actions ref="Find_Location_And_Build_Station" result="$NewStations">
              <!--Faction
                params-->
              <param name="Faction" value="$Faction" />
              <param name="StationHistory" value="$StationHistory" />
              <param name="RelevantSectors" value="$RelevantSectors" />
              <param name="ClaimedSectors" value="$ClaimedSectors" />
              <param name="PreferredSectors" value="$PreferredSectors" />

              <!--Station
                params-->
              <param name="NumStations" value="$TradeStationsToBuild" />
              <param name="StationDefinitions" value="$StationDefinitions" />
              <param name="ModuleSetMacro" value="$ModuleSetMacro" />
              <!--TODO
                @Owen base the loadout level on the sector / station type-->
              <param name="LoadoutLevel" value="1" />

              <!--Station
                history analysis-->
              <param name="ExistingStationValName" value="'$IsTradeStation'" />
              <param name="PastStationValName" value="'$WasTradeStation'" />
              <param name="PastStationMaxScoreTable" value="$PastStationMaxScoreTable" />

              <param name="DebugText" value="$DebugText" />
              <param name="DebugChance" value="$DebugChance" />
            </run_actions>
            <set_value name="$TradeStationCount" operation="add" exact="$NewStations.count" />
          </do_if>
        </do_if>
      </do_if>
    </do_if>
    <!-- END Banking Clan's Vault -->
  </add>
</diff>
<!-- </actions>
    </cue>
  </cues>
</mdscript> -->